"","host_species","preds"
"1","Paranyctimene_raptor",NA
"2","Nyctimene_aello",NA
"3","Nyctimene_certans",NA
"4","Nyctimene_cyclotis",NA
"5","Nyctimene_major",NA
"6","Nyctimene_robinsoni",NA
"7","Nyctimene_albiventer",NA
"8","Nyctimene_draconilla",NA
"9","Nyctimene_minutus",NA
"10","Nyctimene_cephalotes",NA
"11","Nyctimene_rabori",NA
"12","Nyctimene_malaitensis",NA
"13","Nyctimene_masalai",NA
"14","Nyctimene_vizcaccia",NA
"15","Sphaerias_blanfordi",NA
"16","Alionycteris_paucidentata",NA
"17","Otopteropus_cartilagonodus",NA
"18","Haplonycteris_fischeri",NA
"19","Latidens_salimalii",NA
"20","Penthetor_lucasi",NA
"21","Thoopterus_nigrescens",NA
"22","Aethalops_alecto",NA
"23","Aethalops_aequalis",NA
"24","Balionycteris_maculata",NA
"25","Chironax_melanocephalus",NA
"26","Dyacopterus_spadiceus",NA
"27","Dyacopterus_brooksi",NA
"28","Ptenochirus_jagori",NA
"29","Ptenochirus_minor",NA
"30","Megaerops_ecaudatus",NA
"31","Megaerops_kusnotoi",NA
"32","Megaerops_niphanae",NA
"33","Megaerops_wetmorei",NA
"34","Cynopterus_sphinx",NA
"35","Cynopterus_brachyotis",NA
"36","Cynopterus_luzoniensis",NA
"37","Cynopterus_minutus",NA
"38","Cynopterus_nusatenggara",NA
"39","Cynopterus_horsfieldii",NA
"40","Cynopterus_titthaecheilus",NA
"41","Rousettus_bidens",NA
"42","Lissonycteris_angolensis",NA
"43","Megaloglossus_woermanni",NA
"44","Eidolon_helvum",NA
"45","Eidolon_dupreanum",NA
"46","Myonycteris_relicta",NA
"47","Myonycteris_brachycephala",NA
"48","Myonycteris_torquata",NA
"49","Rousettus_lanosus",NA
"50","Rousettus_aegyptiacus",NA
"51","Rousettus_amplexicaudatus",NA
"52","Rousettus_celebensis",NA
"53","Rousettus_leschenaultii",NA
"54","Rousettus_madagascariensis",NA
"55","Rousettus_obliviosus",NA
"56","Rousettus_spinalatus",NA
"57","Plerotes_anchietae",NA
"58","Casinycteris_argynnis",NA
"59","Scotonycteris_ophiodon",NA
"60","Scotonycteris_zenkeri",NA
"61","Nanonycteris_veldkampii",NA
"62","Hypsignathus_monstrosus",NA
"63","Epomops_buettikoferi",NA
"64","Epomops_dobsonii",NA
"65","Epomops_franqueti",NA
"66","Micropteropus_intermedius",NA
"67","Micropteropus_pusillus",NA
"68","Epomophorus_wahlbergi",NA
"69","Epomophorus_angolensis",NA
"70","Epomophorus_gambianus",NA
"71","Epomophorus_crypturus",NA
"72","Epomophorus_grandis",NA
"73","Epomophorus_labiatus",NA
"74","Epomophorus_minor",NA
"75","Epomophorus_minimus",NA
"76","Eonycteris_major",NA
"77","Eonycteris_robusta",NA
"78","Eonycteris_spelaea",NA
"79","Macroglossus_minimus",NA
"80","Macroglossus_sobrinus",NA
"81","Syconycteris_australis",NA
"82","Syconycteris_carolinae",NA
"83","Syconycteris_hobbit",NA
"84","Notopteris_macdonaldi",NA
"85","Notopteris_neocaledonica",NA
"86","Melonycteris_melanops",NA
"87","Melonycteris_woodfordi",NA
"88","Harpyionycteris_celebensis",NA
"89","Harpyionycteris_whiteheadi",NA
"90","Aproteles_bulmerae",NA
"91","Dobsonia_beauforti",NA
"92","Dobsonia_inermis",NA
"93","Dobsonia_praedatrix",NA
"94","Dobsonia_viridis",NA
"95","Dobsonia_crenulata",NA
"96","Dobsonia_minor",NA
"97","Dobsonia_peronii",NA
"98","Dobsonia_emersa",NA
"99","Dobsonia_exoleta",NA
"100","Dobsonia_moluccensis",NA
"101","Dobsonia_magna",NA
"102","Dobsonia_anderseni",NA
"103","Dobsonia_pannietensis",NA
"104","Styloctenium_wallacei",NA
"105","Neopteryx_frosti",NA
"106","Pteralopex_acrodonta",NA
"107","Pteralopex_anceps",NA
"108","Pteralopex_atrata",NA
"109","Pteralopex_pulchra",NA
"110","Acerodon_celebensis",NA
"111","Acerodon_humilis",NA
"112","Acerodon_jubatus",NA
"113","Acerodon_leucotis",NA
"114","Acerodon_mackloti",NA
"115","Pteropus_speciosus",NA
"116","Pteropus_neohibernicus",NA
"117","Pteropus_howensis",NA
"118","Pteropus_ornatus",NA
"119","Pteropus_pumilus",NA
"120","Pteropus_melanotus",NA
"121","Pteropus_hypomelanus",NA
"122","Pteropus_griseus",NA
"123","Pteropus_admiralitatum",NA
"124","Pteropus_alecto",NA
"125","Pteropus_faunulus",NA
"126","Pteropus_dasymallus",NA
"127","Pteropus_livingstonii",NA
"128","Pteropus_melanopogon",NA
"129","Pteropus_aruensis",NA
"130","Pteropus_keyensis",NA
"131","Pteropus_caniceps",NA
"132","Pteropus_conspicillatus",NA
"133","Pteropus_ocularis",NA
"134","Pteropus_anetianus",NA
"135","Pteropus_samoensis",NA
"136","Pteropus_mariannus",NA
"137","Pteropus_pelewensis",NA
"138","Pteropus_ualanus",NA
"139","Pteropus_yapensis",NA
"140","Pteropus_loochoensis",NA
"141","Pteropus_tonganus",NA
"142","Pteropus_personatus",NA
"143","Pteropus_temminckii",NA
"144","Pteropus_capistratus",NA
"145","Pteropus_macrotis",NA
"146","Pteropus_pohlei",NA
"147","Pteropus_poliocephalus",NA
"148","Pteropus_lombocensis",NA
"149","Pteropus_molossinus",NA
"150","Pteropus_rodricensis",NA
"151","Pteropus_chrysoproctus",NA
"152","Pteropus_fundatus",NA
"153","Pteropus_rayneri",NA
"154","Pteropus_rennelli",NA
"155","Pteropus_cognatus",NA
"156","Pteropus_giganteus",NA
"157","Pteropus_lylei",NA
"158","Pteropus_vampyrus",NA
"159","Pteropus_intermedius",NA
"160","Pteropus_gilliardorum",NA
"161","Pteropus_mahaganus",NA
"162","Pteropus_scapulatus",NA
"163","Pteropus_woodfordi",NA
"164","Pteropus_aldabrensis",NA
"165","Pteropus_seychellensis",NA
"166","Pteropus_niger",NA
"167","Pteropus_rufus",NA
"168","Pteropus_voeltzkowi",NA
"169","Pteropus_insularis",NA
"170","Pteropus_leucopterus",NA
"171","Pteropus_nitendiensis",NA
"172","Pteropus_pselaphon",NA
"173","Pteropus_tuberculatus",NA
"174","Pteropus_vetulus",NA
"175","Saccolaimus_peli",NA
"176","Saccolaimus_flaviventris",NA
"177","Saccolaimus_mixtus",NA
"178","Saccolaimus_saccolaimus",NA
"179","Taphozous_hamiltoni",NA
"180","Taphozous_nudiventris",NA
"181","Taphozous_theobaldi",NA
"182","Taphozous_hilli",NA
"183","Taphozous_australis",NA
"184","Taphozous_georgianus",NA
"185","Taphozous_troughtoni",NA
"186","Taphozous_kapalgensis",NA
"187","Taphozous_hildegardeae",NA
"188","Taphozous_longimanus",NA
"189","Taphozous_mauritianus",NA
"190","Taphozous_perforatus",NA
"191","Taphozous_melanopogon",NA
"192","Taphozous_achates",NA
"193","Mosia_nigrescens",NA
"194","Emballonura_atrata",NA
"195","Emballonura_beccarii",NA
"196","Emballonura_dianae",NA
"197","Emballonura_furax",NA
"198","Emballonura_raffrayana",NA
"199","Emballonura_semicaudata",NA
"200","Coleura_afra",NA
"201","Coleura_seychellensis",NA
"202","Emballonura_alecto",NA
"203","Emballonura_monticola",NA
"204","Rhynchonycteris_naso",NA
"205","Cyttarops_alecto",NA
"206","Diclidurus_isabellus",NA
"207","Diclidurus_scutatus",NA
"208","Diclidurus_albus",NA
"209","Diclidurus_ingens",NA
"210","Centronycteris_maximiliani",NA
"211","Centronycteris_centralis",NA
"212","Cormura_brevirostris",NA
"213","Saccopteryx_bilineata",NA
"214","Saccopteryx_leptura",NA
"215","Saccopteryx_gymnura",NA
"216","Saccopteryx_canescens",NA
"217","Balantiopteryx_io",NA
"218","Balantiopteryx_infusca",NA
"219","Balantiopteryx_plicata",NA
"220","Peropteryx_leucoptera",NA
"221","Peropteryx_kappleri",NA
"222","Peropteryx_macrotis",NA
"223","Peropteryx_trinitatis",NA
"224","Craseonycteris_thonglongyai",NA
"225","Rhinopoma_hardwickii",NA
"226","Rhinopoma_macinnesi",NA
"227","Rhinopoma_microphyllum",NA
"228","Rhinopoma_muscatellum",NA
"229","Cardioderma_cor",NA
"230","Lavia_frons",NA
"231","Macroderma_gigas",NA
"232","Megaderma_lyra",NA
"233","Megaderma_spasma",NA
"234","Nycteris_javanica",NA
"235","Nycteris_tragata",NA
"236","Nycteris_arge",NA
"237","Nycteris_intermedia",NA
"238","Nycteris_major",NA
"239","Nycteris_nana",NA
"240","Nycteris_gambiensis",NA
"241","Nycteris_thebaica",NA
"242","Nycteris_grandis",NA
"243","Nycteris_hispida",NA
"244","Nycteris_aurita",NA
"245","Nycteris_macrotis",NA
"246","Nycteris_vinsoni",NA
"247","Nycteris_madagascariensis",NA
"248","Nycteris_woodi",NA
"249","Nycteris_parisii",NA
"250","Rhinolophus_monoceros",NA
"251","Rhinolophus_pusillus",NA
"252","Rhinolophus_osgoodi",NA
"253","Rhinolophus_cornutus",NA
"254","Rhinolophus_lepidus",NA
"255","Rhinolophus_shortridgei",NA
"256","Rhinolophus_imaizumii",NA
"257","Rhinolophus_cognatus",NA
"258","Rhinolophus_subbadius",NA
"259","Rhinolophus_acuminatus",NA
"260","Rhinolophus_adami",NA
"261","Rhinolophus_affinis",NA
"262","Rhinolophus_alcyone",NA
"263","Rhinolophus_arcuatus",NA
"264","Rhinolophus_blasii",NA
"265","Rhinolophus_capensis",NA
"266","Rhinolophus_celebensis",NA
"267","Rhinolophus_madurensis",NA
"268","Rhinolophus_clivosus",NA
"269","Rhinolophus_bocharicus",NA
"270","Rhinolophus_hillorum",NA
"271","Rhinolophus_coelophyllus",NA
"272","Rhinolophus_darlingi",NA
"273","Rhinolophus_deckenii",NA
"274","Rhinolophus_denti",NA
"275","Rhinolophus_eloquens",NA
"276","Rhinolophus_euryotis",NA
"277","Rhinolophus_ferrumequinum",NA
"278","Rhinolophus_fumigatus",NA
"279","Rhinolophus_hildebrandtii",NA
"280","Rhinolophus_hipposideros",NA
"281","Rhinolophus_inops",NA
"282","Rhinolophus_keyensis",NA
"283","Rhinolophus_luctus",NA
"284","Rhinolophus_beddomei",NA
"285","Rhinolophus_formosae",NA
"286","Rhinolophus_maclaudi",NA
"287","Rhinolophus_hilli",NA
"288","Rhinolophus_ruwenzorii",NA
"289","Rhinolophus_macrotis",NA
"290","Rhinolophus_siamensis",NA
"291","Rhinolophus_malayanus",NA
"292","Rhinolophus_marshalli",NA
"293","Rhinolophus_megaphyllus",NA
"294","Rhinolophus_mitratus",NA
"295","Rhinolophus_paradoxolophus",NA
"296","Rhinolophus_pearsonii",NA
"297","Rhinolophus_philippinensis",NA
"298","Rhinolophus_montanus",NA
"299","Rhinolophus_rex",NA
"300","Rhinolophus_robinsoni",NA
"301","Rhinolophus_rouxii",NA
"302","Rhinolophus_sinicus",NA
"303","Rhinolophus_rufus",NA
"304","Rhinolophus_sedulus",NA
"305","Rhinolophus_shameli",NA
"306","Rhinolophus_silvestris",NA
"307","Rhinolophus_simulator",NA
"308","Rhinolophus_stheno",NA
"309","Rhinolophus_subrufus",NA
"310","Rhinolophus_swinnyi",NA
"311","Rhinolophus_thomasi",NA
"312","Rhinolophus_trifoliatus",NA
"313","Rhinolophus_virgo",NA
"314","Rhinolophus_yunanensis",NA
"315","Rhinolophus_nereis",NA
"316","Rhinolophus_borneensis",NA
"317","Rhinolophus_canuti",NA
"318","Rhinolophus_creaghi",NA
"319","Rhinolophus_mehelyi",NA
"320","Rhinolophus_euryale",NA
"321","Rhinolophus_landeri",NA
"322","Rhinolophus_guineensis",NA
"323","Paracoelops_megalotis",NA
"324","Coelops_frithii",NA
"325","Coelops_robinsoni",NA
"326","Rhinonicteris_aurantia",NA
"327","Triaenops_furculus",NA
"328","Triaenops_auritus",NA
"329","Triaenops_persicus",NA
"330","Triaenops_rufus",NA
"331","Aselliscus_tricuspidatus",NA
"332","Anthops_ornatus",NA
"333","Hipposideros_ater",NA
"334","Hipposideros_abae",NA
"335","Hipposideros_beatus",NA
"336","Hipposideros_bicolor",NA
"337","Hipposideros_breviceps",NA
"338","Hipposideros_caffer",NA
"339","Hipposideros_cineraceus",NA
"340","Hipposideros_durgadasi",NA
"341","Hipposideros_coxi",NA
"342","Hipposideros_curtus",NA
"343","Hipposideros_dyacorum",NA
"344","Hipposideros_fuliginosus",NA
"345","Hipposideros_fulvus",NA
"346","Hipposideros_galeritus",NA
"347","Hipposideros_halophyllus",NA
"348","Hipposideros_jonesi",NA
"349","Hipposideros_macrobullatus",NA
"350","Hipposideros_maggietaylorae",NA
"351","Hipposideros_marisae",NA
"352","Hipposideros_megalotis",NA
"353","Hipposideros_nequam",NA
"354","Hipposideros_obscurus",NA
"355","Hipposideros_papua",NA
"356","Hipposideros_pomona",NA
"357","Hipposideros_pygmaeus",NA
"358","Hipposideros_ridleyi",NA
"359","Hipposideros_speoris",NA
"360","Hipposideros_doriae",NA
"361","Hipposideros_coronatus",NA
"362","Hipposideros_calcaratus",NA
"363","Hipposideros_lamottei",NA
"364","Hipposideros_ruber",NA
"365","Hipposideros_crumeniferus",NA
"366","Hipposideros_cervinus",NA
"367","Cloeotis_percivali",NA
"368","Aselliscus_stoliczkanus",NA
"369","Hipposideros_armiger",NA
"370","Hipposideros_commersoni",NA
"371","Hipposideros_gigas",NA
"372","Hipposideros_thomensis",NA
"373","Hipposideros_vittatus",NA
"374","Hipposideros_diadema",NA
"375","Hipposideros_demissus",NA
"376","Hipposideros_inornatus",NA
"377","Hipposideros_dinops",NA
"378","Hipposideros_pelingensis",NA
"379","Hipposideros_inexpectatus",NA
"380","Hipposideros_lankadiva",NA
"381","Hipposideros_larvatus",NA
"382","Hipposideros_grandis",NA
"383","Hipposideros_sumbae",NA
"384","Hipposideros_lekaguli",NA
"385","Hipposideros_turpis",NA
"386","Hipposideros_lylei",NA
"387","Hipposideros_pratti",NA
"388","Asellia_patrizii",NA
"389","Asellia_tridens",NA
"390","Hipposideros_camerunensis",NA
"391","Hipposideros_cyclops",NA
"392","Hipposideros_corynophyllus",NA
"393","Hipposideros_stenotis",NA
"394","Hipposideros_wollastoni",NA
"395","Hipposideros_muscinus",NA
"396","Hipposideros_semoni",NA
"397","Myzopoda_aurita",NA
"398","Thyroptera_discifera",NA
"399","Thyroptera_tricolor",NA
"400","Amorphochilus_schnablii",NA
"401","Furipterus_horrens",NA
"402","Nyctiellus_lepidus",NA
"403","Natalus_stramineus",NA
"404","Natalus_jamaicensis",NA
"405","Natalus_major",NA
"406","Natalus_primus",NA
"407","Natalus_tumidirostris",NA
"408","Chilonatalus_micropus",NA
"409","Chilonatalus_tumidifrons",NA
"410","Mystacina_tuberculata",NA
"411","Noctilio_albiventris",NA
"412","Noctilio_leporinus",NA
"413","Mormoops_blainvillei",NA
"414","Mormoops_megalophylla",NA
"415","Pteronotus_parnellii",NA
"416","Pteronotus_davyi",NA
"417","Pteronotus_gymnonotus",NA
"418","Pteronotus_personatus",NA
"419","Pteronotus_quadridens",NA
"420","Pteronotus_macleayii",NA
"421","Diphylla_ecaudata",NA
"422","Desmodus_rotundus",NA
"423","Diaemus_youngi",NA
"424","Macrophyllum_macrophyllum",NA
"425","Lonchorhina_aurita",NA
"426","Lonchorhina_fernandezi",NA
"427","Lonchorhina_marinkellei",NA
"428","Lonchorhina_orinocensis",NA
"429","Macrotus_californicus",NA
"430","Macrotus_waterhousii",NA
"431","Lampronycteris_brachyotis",NA
"432","Micronycteris_megalotis",NA
"433","Micronycteris_homezi",NA
"434","Micronycteris_microtis",NA
"435","Micronycteris_hirsuta",NA
"436","Micronycteris_minuta",NA
"437","Micronycteris_schmidtorum",NA
"438","Trinycteris_nicefori",NA
"439","Neonycteris_pusilla",NA
"440","Glyphonycteris_daviesi",NA
"441","Glyphonycteris_behnii",NA
"442","Glyphonycteris_sylvestris",NA
"443","Trachops_cirrhosus",NA
"444","Chrotopterus_auritus",NA
"445","Vampyrum_spectrum",NA
"446","Tonatia_bidens",NA
"447","Tonatia_saurophila",NA
"448","Lophostoma_brasiliense",NA
"449","Lophostoma_carrikeri",NA
"450","Lophostoma_evotis",NA
"451","Lophostoma_schulzi",NA
"452","Lophostoma_silvicolum",NA
"453","Mimon_bennettii",NA
"454","Mimon_cozumelae",NA
"455","Mimon_crenulatum",NA
"456","Mimon_koepckeae",NA
"457","Phylloderma_stenops",NA
"458","Phyllostomus_latifolius",NA
"459","Phyllostomus_discolor",NA
"460","Phyllostomus_elongatus",NA
"461","Phyllostomus_hastatus",NA
"462","Brachyphylla_cavernarum",NA
"463","Brachyphylla_nana",NA
"464","Erophylla_sezekorni",NA
"465","Erophylla_bombifrons",NA
"466","Phyllonycteris_aphylla",NA
"467","Phyllonycteris_poeyi",NA
"468","Platalina_genovensium",NA
"469","Lionycteris_spurrelli",NA
"470","Lonchophylla_bokermanni",NA
"471","Lonchophylla_dekeyseri",NA
"472","Lonchophylla_handleyi",NA
"473","Lonchophylla_hesperia",NA
"474","Lonchophylla_mordax",NA
"475","Lonchophylla_robusta",NA
"476","Lonchophylla_thomasi",NA
"477","Leptonycteris_curasoae",NA
"478","Leptonycteris_yerbabuenae",NA
"479","Leptonycteris_nivalis",NA
"480","Monophyllus_plethodon",NA
"481","Monophyllus_redmani",NA
"482","Glossophaga_commissarisi",NA
"483","Glossophaga_soricina",NA
"484","Glossophaga_leachii",NA
"485","Glossophaga_longirostris",NA
"486","Glossophaga_morenoi",NA
"487","Anoura_caudifer",NA
"488","Anoura_cultrata",NA
"489","Anoura_geoffroyi",NA
"490","Anoura_latidens",NA
"491","Scleronycteris_ega",NA
"492","Hylonycteris_underwoodi",NA
"493","Lichonycteris_obscura",NA
"494","Choeronycteris_mexicana",NA
"495","Musonycteris_harrisoni",NA
"496","Choeroniscus_godmani",NA
"497","Choeroniscus_minor",NA
"498","Choeroniscus_periosus",NA
"499","Rhinophylla_alethina",NA
"500","Rhinophylla_fischerae",NA
"501","Rhinophylla_pumilio",NA
"502","Carollia_castanea",NA
"503","Carollia_brevicauda",NA
"504","Carollia_perspicillata",NA
"505","Carollia_subrufa",NA
"506","Sturnira_bidens",NA
"507","Sturnira_nana",NA
"508","Sturnira_aratathomasi",NA
"509","Sturnira_lilium",NA
"510","Sturnira_ludovici",NA
"511","Sturnira_luisi",NA
"512","Sturnira_magna",NA
"513","Sturnira_mordax",NA
"514","Sturnira_thomasi",NA
"515","Sturnira_tildae",NA
"516","Sturnira_bogotensis",NA
"517","Sturnira_oporaphilum",NA
"518","Sturnira_erythromos",NA
"519","Pygoderma_bilabiatum",NA
"520","Centurio_senex",NA
"521","Ametrida_centurio",NA
"522","Sphaeronycteris_toxophyllum",NA
"523","Phyllops_falcatus",NA
"524","Stenoderma_rufum",NA
"525","Ardops_nichollsi",NA
"526","Ariteus_flavescens",NA
"527","Enchisthenes_hartii",NA
"528","Artibeus_aztecus",NA
"529","Artibeus_phaeotis",NA
"530","Artibeus_toltecus",NA
"531","Artibeus_cinereus",NA
"532","Artibeus_anderseni",NA
"533","Artibeus_glaucus",NA
"534","Artibeus_gnomus",NA
"535","Artibeus_watsoni",NA
"536","Artibeus_concolor",NA
"537","Artibeus_fimbriatus",NA
"538","Artibeus_amplus",NA
"539","Artibeus_jamaicensis",NA
"540","Artibeus_lituratus",NA
"541","Artibeus_obscurus",NA
"542","Artibeus_fraterculus",NA
"543","Artibeus_hirsutus",NA
"544","Artibeus_inopinatus",NA
"545","Ectophylla_alba",NA
"546","Chiroderma_salvini",NA
"547","Chiroderma_improvisum",NA
"548","Chiroderma_villosum",NA
"549","Chiroderma_doriae",NA
"550","Chiroderma_trinitatum",NA
"551","Mesophylla_macconnelli",NA
"552","Vampyressa_melissa",NA
"553","Vampyressa_pusilla",NA
"554","Vampyressa_thyone",NA
"555","Vampyressa_bidens",NA
"556","Vampyressa_brocki",NA
"557","Vampyressa_nymphaea",NA
"558","Uroderma_bilobatum",NA
"559","Uroderma_magnirostrum",NA
"560","Vampyrodes_caraccioli",NA
"561","Platyrrhinus_aurarius",NA
"562","Platyrrhinus_brachycephalus",NA
"563","Platyrrhinus_chocoensis",NA
"564","Platyrrhinus_dorsalis",NA
"565","Platyrrhinus_helleri",NA
"566","Platyrrhinus_infuscus",NA
"567","Platyrrhinus_lineatus",NA
"568","Platyrrhinus_recifinus",NA
"569","Platyrrhinus_umbratus",NA
"570","Platyrrhinus_vittatus",NA
"571","Tomopeas_ravus",NA
"572","Cheiromeles_torquatus",NA
"573","Cheiromeles_parvidens",NA
"574","Myopterus_daubentonii",NA
"575","Myopterus_whitleyi",NA
"576","Molossops_aequatorianus",NA
"577","Molossops_mattogrossensis",NA
"578","Molossops_neglectus",NA
"579","Molossops_temminckii",NA
"580","Cynomops_abrasus",NA
"581","Cynomops_greenhalli",NA
"582","Cynomops_mexicanus",NA
"583","Cynomops_paranus",NA
"584","Cynomops_planirostris",NA
"585","Platymops_setiger",NA
"586","Mormopterus_beccarii",NA
"587","Mormopterus_norfolkensis",NA
"588","Mormopterus_planiceps",NA
"589","Mormopterus_loriae",NA
"590","Sauromys_petrophilus",NA
"591","Mormopterus_kalinowskii",NA
"592","Mormopterus_minutus",NA
"593","Mormopterus_phrudus",NA
"594","Mormopterus_doriae",NA
"595","Mormopterus_jugularis",NA
"596","Mormopterus_acetabulosus",NA
"597","Tadarida_brasiliensis",NA
"598","Tadarida_australis",NA
"599","Tadarida_kuboriensis",NA
"600","Tadarida_aegyptiaca",NA
"601","Tadarida_fulminans",NA
"602","Tadarida_lobata",NA
"603","Tadarida_teniotis",NA
"604","Tadarida_insignis",NA
"605","Tadarida_latouchei",NA
"606","Tadarida_ventralis",NA
"607","Nyctinomops_aurispinosus",NA
"608","Nyctinomops_femorosaccus",NA
"609","Nyctinomops_laticaudatus",NA
"610","Nyctinomops_macrotis",NA
"611","Otomops_formosus",NA
"612","Otomops_martiensseni",NA
"613","Otomops_madagascariensis",NA
"614","Otomops_papuensis",NA
"615","Otomops_secundus",NA
"616","Otomops_wroughtoni",NA
"617","Promops_centralis",NA
"618","Promops_nasutus",NA
"619","Molossus_sinaloae",NA
"620","Molossus_currentium",NA
"621","Molossus_molossus",NA
"622","Molossus_aztecus",NA
"623","Molossus_barnesi",NA
"624","Molossus_coibensis",NA
"625","Molossus_rufus",NA
"626","Molossus_pretiosus",NA
"627","Eumops_hansae",NA
"628","Eumops_perotis",NA
"629","Eumops_trumbulli",NA
"630","Eumops_dabbenei",NA
"631","Eumops_bonariensis",NA
"632","Eumops_patagonicus",NA
"633","Eumops_maurus",NA
"634","Eumops_glaucinus",NA
"635","Eumops_auripendulus",NA
"636","Eumops_underwoodi",NA
"637","Chaerephon_ansorgei",NA
"638","Chaerephon_bemmeleni",NA
"639","Chaerephon_bivittatus",NA
"640","Chaerephon_aloysiisabaudiae",NA
"641","Chaerephon_chapini",NA
"642","Chaerephon_shortridgei",NA
"643","Chaerephon_gallagheri",NA
"644","Chaerephon_jobensis",NA
"645","Chaerephon_solomonis",NA
"646","Chaerephon_bregullae",NA
"647","Chaerephon_johorensis",NA
"648","Chaerephon_major",NA
"649","Chaerephon_nigeriae",NA
"650","Chaerephon_plicatus",NA
"651","Chaerephon_leucogaster",NA
"652","Chaerephon_pumilus",NA
"653","Chaerephon_russatus",NA
"654","Mops_brachypterus",NA
"655","Mops_nanulus",NA
"656","Mops_petersoni",NA
"657","Mops_spurrelli",NA
"658","Mops_thersites",NA
"659","Mops_congicus",NA
"660","Mops_condylurus",NA
"661","Mops_leucostigma",NA
"662","Mops_midas",NA
"663","Mops_mops",NA
"664","Mops_niangarae",NA
"665","Mops_sarasinorum",NA
"666","Mops_trevori",NA
"667","Mops_demonstrator",NA
"668","Mops_niveiventer",NA
"669","Miniopterus_majori",NA
"670","Miniopterus_natalensis",NA
"671","Miniopterus_schreibersii",NA
"672","Miniopterus_robustior",NA
"673","Miniopterus_tristis",NA
"674","Miniopterus_inflatus",NA
"675","Miniopterus_africanus",NA
"676","Miniopterus_magnater",NA
"677","Miniopterus_fraterculus",NA
"678","Miniopterus_fuscus",NA
"679","Miniopterus_medius",NA
"680","Miniopterus_australis",NA
"681","Miniopterus_paululus",NA
"682","Miniopterus_shortridgei",NA
"683","Miniopterus_minor",NA
"684","Miniopterus_manavi",NA
"685","Miniopterus_pusillus",NA
"686","Miniopterus_macrocneme",NA
"687","Eudiscopus_denticulus",NA
"688","Hesperoptenus_doriae",NA
"689","Ia_io",NA
"690","Lasionycteris_noctivagans",NA
"691","Mimetillus_moloneyi",NA
"692","Nycticeius_humeralis",NA
"693","Nycticeius_cubanus",NA
"694","Scoteanax_rueppellii",NA
"695","Otonycteris_hemprichii",NA
"696","Philetor_brachypterus",NA
"697","Scotozous_dormeri",NA
"698","Pipistrellus_subflavus",NA
"699","Bauerus_dubiaquercus",NA
"700","Antrozous_pallidus",NA
"701","Glischropus_javanus",NA
"702","Glischropus_tylopus",NA
"703","Hypsugo_anchietae",NA
"704","Hypsugo_eisentrauti",NA
"705","Pipistrellus_hesperus",NA
"706","Hypsugo_musciculus",NA
"707","Tylonycteris_pachypus",NA
"708","Tylonycteris_robustula",NA
"709","Vespertilio_murinus",NA
"710","Vespertilio_sinensis",NA
"711","Hypsugo_anthonyi",NA
"712","Hypsugo_joffrei",NA
"713","Pipistrellus_stenopterus",NA
"714","Hypsugo_crassulus",NA
"715","Pipistrellus_nanulus",NA
"716","Pipistrellus_rueppellii",NA
"717","Arielulus_circumdatus",NA
"718","Arielulus_cuprosus",NA
"719","Arielulus_societatis",NA
"720","Scotoecus_pallidus",NA
"721","Scotoecus_albofuscus",NA
"722","Scotoecus_hirundo",NA
"723","Scotoecus_albigula",NA
"724","Scotoecus_hindei",NA
"725","Hypsugo_imbricatus",NA
"726","Hypsugo_arabicus",NA
"727","Neoromicia_helios",NA
"728","Neoromicia_nanus",NA
"729","Hypsugo_pulveratus",NA
"730","Hypsugo_kitcheneri",NA
"731","Hypsugo_lophurus",NA
"732","Hesperoptenus_blanfordi",NA
"733","Hesperoptenus_gaskelli",NA
"734","Hesperoptenus_tickelli",NA
"735","Hesperoptenus_tomesi",NA
"736","Histiotus_alienus",NA
"737","Histiotus_macrotus",NA
"738","Histiotus_laephotis",NA
"739","Histiotus_montanus",NA
"740","Histiotus_magellanicus",NA
"741","Histiotus_velatus",NA
"742","Laephotis_angolensis",NA
"743","Laephotis_botswanae",NA
"744","Laephotis_namibensis",NA
"745","Laephotis_wintoni",NA
"746","Falsistrellus_mackenziei",NA
"747","Falsistrellus_tasmaniensis",NA
"748","Falsistrellus_affinis",NA
"749","Falsistrellus_mordax",NA
"750","Falsistrellus_petersi",NA
"751","Nycticeinops_schlieffeni",NA
"752","Scotorepens_balstoni",NA
"753","Scotorepens_orion",NA
"754","Scotorepens_greyii",NA
"755","Scotorepens_sanborni",NA
"756","Hypsugo_cadornae",NA
"757","Hypsugo_macrotis",NA
"758","Hypsugo_vordermanni",NA
"759","Hypsugo_ariel",NA
"760","Hypsugo_bodenheimeri",NA
"761","Hypsugo_alaschanicus",NA
"762","Hypsugo_savii",NA
"763","Vespadelus_baverstocki",NA
"764","Vespadelus_douglasorum",NA
"765","Vespadelus_caurinus",NA
"766","Vespadelus_finlaysoni",NA
"767","Vespadelus_pumilus",NA
"768","Vespadelus_troughtoni",NA
"769","Vespadelus_darlingtoni",NA
"770","Vespadelus_regulus",NA
"771","Vespadelus_vulturnus",NA
"772","Nyctalus_azoreum",NA
"773","Nyctalus_aviator",NA
"774","Nyctalus_lasiopterus",NA
"775","Nyctalus_leisleri",NA
"776","Nyctalus_montanus",NA
"777","Nyctalus_noctula",NA
"778","Nyctalus_plancyi",NA
"779","Nyctalus_furvus",NA
"780","Chalinolobus_tuberculatus",NA
"781","Chalinolobus_dwyeri",NA
"782","Chalinolobus_gouldii",NA
"783","Chalinolobus_neocaledonicus",NA
"784","Chalinolobus_morio",NA
"785","Chalinolobus_nigrogriseus",NA
"786","Chalinolobus_picatus",NA
"787","Rhogeessa_alleni",NA
"788","Rhogeessa_mira",NA
"789","Rhogeessa_gracilis",NA
"790","Rhogeessa_genowaysi",NA
"791","Rhogeessa_minutilla",NA
"792","Rhogeessa_parvula",NA
"793","Rhogeessa_tumida",NA
"794","Rhogeessa_aeneus",NA
"795","Rhogeessa_io",NA
"796","Lasiurus_egregius",NA
"797","Lasiurus_ega",NA
"798","Lasiurus_xanthinus",NA
"799","Lasiurus_intermedius",NA
"800","Lasiurus_insularis",NA
"801","Lasiurus_cinereus",NA
"802","Lasiurus_castaneus",NA
"803","Lasiurus_borealis",NA
"804","Lasiurus_minor",NA
"805","Lasiurus_pfeifferi",NA
"806","Lasiurus_salinae",NA
"807","Lasiurus_varius",NA
"808","Lasiurus_blossevillii",NA
"809","Lasiurus_degelidus",NA
"810","Lasiurus_seminolus",NA
"811","Neoromicia_flavescens",NA
"812","Neoromicia_rendalli",NA
"813","Neoromicia_tenuipinnis",NA
"814","Neoromicia_brunneus",NA
"815","Eptesicus_matroka",NA
"816","Neoromicia_capensis",NA
"817","Neoromicia_guineensis",NA
"818","Neoromicia_melckorum",NA
"819","Neoromicia_somalicus",NA
"820","Neoromicia_zuluensis",NA
"821","Glauconycteris_alboguttata",NA
"822","Glauconycteris_argentata",NA
"823","Glauconycteris_beatrix",NA
"824","Glauconycteris_humeralis",NA
"825","Glauconycteris_egeria",NA
"826","Glauconycteris_gleni",NA
"827","Glauconycteris_kenyacola",NA
"828","Glauconycteris_poensis",NA
"829","Glauconycteris_superba",NA
"830","Glauconycteris_machadoi",NA
"831","Glauconycteris_variegata",NA
"832","Pharotis_imogene",NA
"833","Nyctophilus_arnhemensis",NA
"834","Nyctophilus_geoffroyi",NA
"835","Nyctophilus_gouldi",NA
"836","Nyctophilus_bifax",NA
"837","Nyctophilus_heran",NA
"838","Nyctophilus_microdon",NA
"839","Nyctophilus_microtis",NA
"840","Nyctophilus_timoriensis",NA
"841","Nyctophilus_walkeri",NA
"842","Barbastella_barbastellus",NA
"843","Barbastella_leucomelas",NA
"844","Euderma_maculatum",NA
"845","Idionycteris_phyllotis",NA
"846","Corynorhinus_rafinesquii",NA
"847","Corynorhinus_mexicanus",NA
"848","Corynorhinus_townsendii",NA
"849","Plecotus_austriacus",NA
"850","Plecotus_kolombatovici",NA
"851","Plecotus_teneriffae",NA
"852","Plecotus_auritus",NA
"853","Plecotus_taivanus",NA
"854","Scotomanes_ornatus",NA
"855","Scotophilus_kuhlii",NA
"856","Scotophilus_collinus",NA
"857","Scotophilus_nigrita",NA
"858","Scotophilus_borbonicus",NA
"859","Scotophilus_viridis",NA
"860","Scotophilus_celebensis",NA
"861","Scotophilus_heathii",NA
"862","Scotophilus_leucogaster",NA
"863","Scotophilus_nucella",NA
"864","Scotophilus_dinganii",NA
"865","Scotophilus_nux",NA
"866","Scotophilus_robustus",NA
"867","Pipistrellus_minahassae",NA
"868","Pipistrellus_ceylonicus",NA
"869","Pipistrellus_deserti",NA
"870","Pipistrellus_aero",NA
"871","Pipistrellus_inexspectatus",NA
"872","Pipistrellus_kuhlii",NA
"873","Pipistrellus_hesperidus",NA
"874","Pipistrellus_maderensis",NA
"875","Pipistrellus_rusticus",NA
"876","Pipistrellus_nathusii",NA
"877","Pipistrellus_permixtus",NA
"878","Pipistrellus_pipistrellus",NA
"879","Pipistrellus_pygmaeus",NA
"880","Pipistrellus_coromandra",NA
"881","Pipistrellus_tenuis",NA
"882","Pipistrellus_adamsi",NA
"883","Pipistrellus_angulatus",NA
"884","Pipistrellus_collinus",NA
"885","Pipistrellus_papuanus",NA
"886","Pipistrellus_wattsi",NA
"887","Pipistrellus_westralis",NA
"888","Pipistrellus_endoi",NA
"889","Pipistrellus_javanicus",NA
"890","Pipistrellus_abramus",NA
"891","Pipistrellus_paterculus",NA
"892","Eptesicus_floweri",NA
"893","Eptesicus_nasutus",NA
"894","Eptesicus_bobrinskoi",NA
"895","Eptesicus_gobiensis",NA
"896","Eptesicus_japonensis",NA
"897","Eptesicus_nilssonii",NA
"898","Eptesicus_diminutus",NA
"899","Eptesicus_innoxius",NA
"900","Eptesicus_brasiliensis",NA
"901","Eptesicus_andinus",NA
"902","Eptesicus_chiriquinus",NA
"903","Eptesicus_bottae",NA
"904","Eptesicus_dimissus",NA
"905","Eptesicus_furinalis",NA
"906","Eptesicus_fuscus",NA
"907","Eptesicus_guadeloupensis",NA
"908","Eptesicus_hottentotus",NA
"909","Eptesicus_kobayashii",NA
"910","Eptesicus_pachyotis",NA
"911","Eptesicus_platyops",NA
"912","Eptesicus_serotinus",NA
"913","Eptesicus_tatei",NA
"914","Harpiocephalus_harpia",NA
"915","Harpiocephalus_mordax",NA
"916","Murina_grisea",NA
"917","Murina_aenea",NA
"918","Murina_cyclotis",NA
"919","Murina_huttoni",NA
"920","Murina_puta",NA
"921","Murina_rozendaali",NA
"922","Murina_aurata",NA
"923","Murina_florium",NA
"924","Murina_silvatica",NA
"925","Murina_suilla",NA
"926","Murina_tenebrosa",NA
"927","Murina_tubinaris",NA
"928","Murina_ussuriensis",NA
"929","Murina_fusca",NA
"930","Murina_leucogaster",NA
"931","Murina_hilgendorfi",NA
"932","Phoniscus_aerosa",NA
"933","Phoniscus_atrox",NA
"934","Phoniscus_jagorii",NA
"935","Phoniscus_papuensis",NA
"936","Kerivoula_agnella",NA
"937","Kerivoula_argentata",NA
"938","Kerivoula_cuprosa",NA
"939","Kerivoula_eriophora",NA
"940","Kerivoula_flora",NA
"941","Kerivoula_hardwickii",NA
"942","Kerivoula_intermedia",NA
"943","Kerivoula_lanosa",NA
"944","Kerivoula_minuta",NA
"945","Kerivoula_muscina",NA
"946","Kerivoula_myrella",NA
"947","Kerivoula_papillosa",NA
"948","Kerivoula_lenis",NA
"949","Kerivoula_pellucida",NA
"950","Kerivoula_phalaena",NA
"951","Kerivoula_picta",NA
"952","Kerivoula_smithii",NA
"953","Kerivoula_whiteheadi",NA
"954","Myotis_abei",NA
"955","Myotis_aelleni",NA
"956","Myotis_albescens",NA
"957","Nycticeius_aenobarbus",NA
"958","Myotis_austroriparius",NA
"959","Myotis_chiloensis",NA
"960","Myotis_cobanensis",NA
"961","Myotis_dasycneme",NA
"962","Myotis_fortidens",NA
"963","Myotis_grisescens",NA
"964","Myotis_levis",NA
"965","Myotis_lucifugus",NA
"966","Myotis_occultus",NA
"967","Myotis_montivagus",NA
"968","Myotis_oxyotus",NA
"969","Myotis_peninsularis",NA
"970","Myotis_ricketti",NA
"971","Myotis_velifer",NA
"972","Myotis_volans",NA
"973","Myotis_yumanensis",NA
"974","Cistugo_lesueuri",NA
"975","Cistugo_seabrae",NA
"976","Myotis_macrotarsus",NA
"977","Myotis_stalkeri",NA
"978","Myotis_vivesi",NA
"979","Myotis_riparius",NA
"980","Myotis_simus",NA
"981","Myotis_ruber",NA
"982","Myotis_adversus",NA
"983","Myotis_macropus",NA
"984","Myotis_moluccarum",NA
"985","Myotis_bocagii",NA
"986","Myotis_hasseltii",NA
"987","Myotis_horsfieldii",NA
"988","Myotis_capaccinii",NA
"989","Myotis_laniger",NA
"990","Myotis_daubentonii",NA
"991","Myotis_longipes",NA
"992","Myotis_macrodactylus",NA
"993","Myotis_fimbriatus",NA
"994","Myotis_pruinosus",NA
"995","Myotis_formosus",NA
"996","Myotis_hermani",NA
"997","Myotis_welwitschii",NA
"998","Myotis_emarginatus",NA
"999","Myotis_goudoti",NA
"1000","Myotis_anjouanensis",NA
"1001","Myotis_morrisi",NA
"1002","Myotis_tricolor",NA
"1003","Myotis_blythii",NA
"1004","Myotis_oxygnathus",NA
"1005","Myotis_punicus",NA
"1006","Myotis_chinensis",NA
"1007","Myotis_myotis",NA
"1008","Myotis_sicarius",NA
"1009","Myotis_bechsteinii",NA
"1010","Myotis_auriculus",NA
"1011","Myotis_evotis",NA
"1012","Myotis_keenii",NA
"1013","Myotis_septentrionalis",NA
"1014","Myotis_pequinius",NA
"1015","Myotis_bombinus",NA
"1016","Myotis_nattereri",NA
"1017","Myotis_schaubi",NA
"1018","Myotis_thysanodes",NA
"1019","Myotis_siligorensis",NA
"1020","Myotis_scotti",NA
"1021","Myotis_oreias",NA
"1022","Myotis_altarium",NA
"1023","Myotis_californicus",NA
"1024","Myotis_leibii",NA
"1025","Myotis_melanorhinus",NA
"1026","Myotis_ciliolabrum",NA
"1027","Myotis_planiceps",NA
"1028","Myotis_brandtii",NA
"1029","Myotis_insularum",NA
"1030","Myotis_mystacinus",NA
"1031","Myotis_hajastanicus",NA
"1032","Myotis_nipalensis",NA
"1033","Myotis_davidii",NA
"1034","Myotis_frater",NA
"1035","Myotis_bucharensis",NA
"1036","Myotis_annectans",NA
"1037","Myotis_australis",NA
"1038","Myotis_hosonoi",NA
"1039","Myotis_ikonnikovi",NA
"1040","Myotis_muricola",NA
"1041","Myotis_ater",NA
"1042","Myotis_ozensis",NA
"1043","Myotis_ridleyi",NA
"1044","Myotis_rosseti",NA
"1045","Myotis_yesoensis",NA
"1046","Myotis_atacamensis",NA
"1047","Myotis_dominicensis",NA
"1048","Myotis_elegans",NA
"1049","Myotis_findleyi",NA
"1050","Myotis_keaysi",NA
"1051","Myotis_martiniquensis",NA
"1052","Myotis_nesopolus",NA
"1053","Myotis_nigricans",NA
"1054","Myotis_sodalis",NA
